"No.","Time","Source","Destination","Protocol","Length","Info"
"141","17.755534","192.168.0.214","192.168.0.200","TCP","1078","5001  >  50264 [PSH, ACK] Seq=1 Ack=1 Win=2048 Len=1024"
"142","17.760788","192.168.0.214","192.168.0.200","TCP","1078","5001  >  50264 [PSH, ACK] Seq=1025 Ack=1 Win=2048 Len=1024"
"144","17.765300","192.168.0.214","192.168.0.200","TCP","1078","5001  >  50264 [PSH, ACK] Seq=2049 Ack=1 Win=2048 Len=1024"
"145","17.769496","192.168.0.214","192.168.0.200","TCP","1078","5001  >  50264 [PSH, ACK] Seq=3073 Ack=1 Win=2048 Len=1024"
"147","17.774707","192.168.0.214","192.168.0.200","TCP","1078","5001  >  50264 [PSH, ACK] Seq=4097 Ack=1 Win=2048 Len=1024"
"148","17.778749","192.168.0.214","192.168.0.200","TCP","1078","5001  >  50264 [PSH, ACK] Seq=5121 Ack=1 Win=2048 Len=1024"
"150","17.783136","192.168.0.214","192.168.0.200","TCP","1078","5001  >  50264 [PSH, ACK] Seq=6145 Ack=1 Win=2048 Len=1024"
"151","17.787161","192.168.0.214","192.168.0.200","TCP","1078","5001  >  50264 [PSH, ACK] Seq=7169 Ack=1 Win=2048 Len=1024"
"153","17.791374","192.168.0.214","192.168.0.200","TCP","1078","5001  >  50264 [PSH, ACK] Seq=8193 Ack=1 Win=2048 Len=1024"
"154","17.796576","192.168.0.214","192.168.0.200","TCP","1078","5001  >  50264 [PSH, ACK] Seq=9217 Ack=1 Win=2048 Len=1024"
"156","17.801179","192.168.0.214","192.168.0.200","TCP","1078","5001  >  50264 [PSH, ACK] Seq=10241 Ack=1 Win=2048 Len=1024"
"157","17.805203","192.168.0.214","192.168.0.200","TCP","1078","5001  >  50264 [PSH, ACK] Seq=11265 Ack=1 Win=2048 Len=1024"
"159","17.808160","192.168.0.214","192.168.0.200","TCP","1078","5001  >  50264 [PSH, ACK] Seq=12289 Ack=1 Win=2048 Len=1024"
"160","17.810364","192.168.0.214","192.168.0.200","TCP","1078","5001  >  50264 [PSH, ACK] Seq=13313 Ack=1 Win=2048 Len=1024"
"162","17.813335","192.168.0.214","192.168.0.200","TCP","1078","5001  >  50264 [PSH, ACK] Seq=14337 Ack=1 Win=2048 Len=1024"
"163","17.818524","192.168.0.214","192.168.0.200","TCP","1078","5001  >  50264 [PSH, ACK] Seq=15361 Ack=1 Win=2048 Len=1024"
"165","17.823283","192.168.0.214","192.168.0.200","TCP","1078","5001  >  50264 [PSH, ACK] Seq=16385 Ack=1 Win=2048 Len=1024"
"166","17.827330","192.168.0.214","192.168.0.200","TCP","1078","5001  >  50264 [PSH, ACK] Seq=17409 Ack=1 Win=2048 Len=1024"
"168","17.832541","192.168.0.214","192.168.0.200","TCP","1078","5001  >  50264 [PSH, ACK] Seq=18433 Ack=1 Win=2048 Len=1024"
"169","17.836715","192.168.0.214","192.168.0.200","TCP","1078","5001  >  50264 [PSH, ACK] Seq=19457 Ack=1 Win=2048 Len=1024"
"171","17.841342","192.168.0.214","192.168.0.200","TCP","1078","5001  >  50264 [PSH, ACK] Seq=20481 Ack=1 Win=2048 Len=1024"
"172","17.846545","192.168.0.214","192.168.0.200","TCP","1078","5001  >  50264 [PSH, ACK] Seq=21505 Ack=1 Win=2048 Len=1024"
"174","17.851285","192.168.0.214","192.168.0.200","TCP","1078","5001  >  50264 [PSH, ACK] Seq=22529 Ack=1 Win=2048 Len=1024"
"175","17.855317","192.168.0.214","192.168.0.200","TCP","1078","5001  >  50264 [PSH, ACK] Seq=23553 Ack=1 Win=2048 Len=1024"
"177","17.860727","192.168.0.214","192.168.0.200","TCP","1078","5001  >  50264 [PSH, ACK] Seq=24577 Ack=1 Win=2048 Len=1024"
"178","17.864739","192.168.0.214","192.168.0.200","TCP","1078","5001  >  50264 [PSH, ACK] Seq=25601 Ack=1 Win=2048 Len=1024"
"180","17.869505","192.168.0.214","192.168.0.200","TCP","1078","5001  >  50264 [PSH, ACK] Seq=26625 Ack=1 Win=2048 Len=1024"
"181","17.874558","192.168.0.214","192.168.0.200","TCP","1078","5001  >  50264 [PSH, ACK] Seq=27649 Ack=1 Win=2048 Len=1024"
"183","17.879115","192.168.0.214","192.168.0.200","TCP","1078","5001  >  50264 [PSH, ACK] Seq=28673 Ack=1 Win=2048 Len=1024"
"184","17.883332","192.168.0.214","192.168.0.200","TCP","1078","5001  >  50264 [PSH, ACK] Seq=29697 Ack=1 Win=2048 Len=1024"
"186","17.888701","192.168.0.214","192.168.0.200","TCP","1078","5001  >  50264 [PSH, ACK] Seq=30721 Ack=1 Win=2048 Len=1024"
"187","17.892737","192.168.0.214","192.168.0.200","TCP","1078","5001  >  50264 [PSH, ACK] Seq=31745 Ack=1 Win=2048 Len=1024"
"189","17.897321","192.168.0.214","192.168.0.200","TCP","1078","5001  >  50264 [PSH, ACK] Seq=32769 Ack=1 Win=2048 Len=1024"
"190","17.902550","192.168.0.214","192.168.0.200","TCP","1078","5001  >  50264 [PSH, ACK] Seq=33793 Ack=1 Win=2048 Len=1024"
"192","17.907130","192.168.0.214","192.168.0.200","TCP","1078","5001  >  50264 [PSH, ACK] Seq=34817 Ack=1 Win=2048 Len=1024"
"193","17.911319","192.168.0.214","192.168.0.200","TCP","1078","5001  >  50264 [PSH, ACK] Seq=35841 Ack=1 Win=2048 Len=1024"
"195","17.916579","192.168.0.214","192.168.0.200","TCP","1078","5001  >  50264 [PSH, ACK] Seq=36865 Ack=1 Win=2048 Len=1024"
"196","17.920713","192.168.0.214","192.168.0.200","TCP","1078","5001  >  50264 [PSH, ACK] Seq=37889 Ack=1 Win=2048 Len=1024"
"198","17.925494","192.168.0.214","192.168.0.200","TCP","1078","5001  >  50264 [PSH, ACK] Seq=38913 Ack=1 Win=2048 Len=1024"
"199","17.930758","192.168.0.214","192.168.0.200","TCP","1078","5001  >  50264 [PSH, ACK] Seq=39937 Ack=1 Win=2048 Len=1024"
"201","17.935137","192.168.0.214","192.168.0.200","TCP","1078","5001  >  50264 [PSH, ACK] Seq=40961 Ack=1 Win=2048 Len=1024"
"202","17.939335","192.168.0.214","192.168.0.200","TCP","1078","5001  >  50264 [PSH, ACK] Seq=41985 Ack=1 Win=2048 Len=1024"
"204","17.944549","192.168.0.214","192.168.0.200","TCP","1078","5001  >  50264 [PSH, ACK] Seq=43009 Ack=1 Win=2048 Len=1024"
"205","17.948740","192.168.0.214","192.168.0.200","TCP","1078","5001  >  50264 [PSH, ACK] Seq=44033 Ack=1 Win=2048 Len=1024"
"207","17.953338","192.168.0.214","192.168.0.200","TCP","1078","5001  >  50264 [PSH, ACK] Seq=45057 Ack=1 Win=2048 Len=1024"
"208","17.958547","192.168.0.214","192.168.0.200","TCP","1078","5001  >  50264 [PSH, ACK] Seq=46081 Ack=1 Win=2048 Len=1024"
"210","17.963298","192.168.0.214","192.168.0.200","TCP","1078","5001  >  50264 [PSH, ACK] Seq=47105 Ack=1 Win=2048 Len=1024"
"211","17.967497","192.168.0.214","192.168.0.200","TCP","1078","5001  >  50264 [PSH, ACK] Seq=48129 Ack=1 Win=2048 Len=1024"
"213","17.971787","192.168.0.214","192.168.0.200","TCP","1078","5001  >  50264 [PSH, ACK] Seq=49153 Ack=1 Win=2048 Len=1024"
"214","17.974154","192.168.0.214","192.168.0.200","TCP","1078","5001  >  50264 [PSH, ACK] Seq=50177 Ack=1 Win=2048 Len=1024"
"216","17.976956","192.168.0.214","192.168.0.200","TCP","1078","5001  >  50264 [PSH, ACK] Seq=51201 Ack=1 Win=2048 Len=1024"
"217","17.979169","192.168.0.214","192.168.0.200","TCP","1078","5001  >  50264 [PSH, ACK] Seq=52225 Ack=1 Win=2048 Len=1024"
"219","17.983299","192.168.0.214","192.168.0.200","TCP","1078","5001  >  50264 [PSH, ACK] Seq=53249 Ack=1 Win=2048 Len=1024"
"220","17.987345","192.168.0.214","192.168.0.200","TCP","1078","5001  >  50264 [PSH, ACK] Seq=54273 Ack=1 Win=2048 Len=1024"
"222","17.992557","192.168.0.214","192.168.0.200","TCP","1078","5001  >  50264 [PSH, ACK] Seq=55297 Ack=1 Win=2048 Len=1024"
"223","17.996753","192.168.0.214","192.168.0.200","TCP","1078","5001  >  50264 [PSH, ACK] Seq=56321 Ack=1 Win=2048 Len=1024"
"225","18.000927","192.168.0.214","192.168.0.200","TCP","1078","5001  >  50264 [PSH, ACK] Seq=57345 Ack=1 Win=2048 Len=1024"
"226","18.005172","192.168.0.214","192.168.0.200","TCP","1078","5001  >  50264 [PSH, ACK] Seq=58369 Ack=1 Win=2048 Len=1024"
"228","18.009536","192.168.0.214","192.168.0.200","TCP","1078","5001  >  50264 [PSH, ACK] Seq=59393 Ack=1 Win=2048 Len=1024"
"229","18.014585","192.168.0.214","192.168.0.200","TCP","1078","5001  >  50264 [PSH, ACK] Seq=60417 Ack=1 Win=2048 Len=1024"
"231","18.019152","192.168.0.214","192.168.0.200","TCP","1078","5001  >  50264 [PSH, ACK] Seq=61441 Ack=1 Win=2048 Len=1024"
"232","18.023536","192.168.0.214","192.168.0.200","TCP","1078","5001  >  50264 [PSH, ACK] Seq=62465 Ack=1 Win=2048 Len=1024"
"234","18.028590","192.168.0.214","192.168.0.200","TCP","1078","5001  >  50264 [PSH, ACK] Seq=63489 Ack=1 Win=2048 Len=1024"
"235","18.032766","192.168.0.214","192.168.0.200","TCP","1078","5001  >  50264 [PSH, ACK] Seq=64513 Ack=1 Win=2048 Len=1024"
"237","18.036976","192.168.0.214","192.168.0.200","TCP","1078","5001  >  50264 [PSH, ACK] Seq=65537 Ack=1 Win=2048 Len=1024"
"238","18.041357","192.168.0.214","192.168.0.200","TCP","1078","5001  >  50264 [PSH, ACK] Seq=66561 Ack=1 Win=2048 Len=1024"
"240","18.045400","192.168.0.214","192.168.0.200","TCP","1078","5001  >  50264 [PSH, ACK] Seq=67585 Ack=1 Win=2048 Len=1024"
"241","18.050597","192.168.0.214","192.168.0.200","TCP","1078","5001  >  50264 [PSH, ACK] Seq=68609 Ack=1 Win=2048 Len=1024"
"243","18.055186","192.168.0.214","192.168.0.200","TCP","1078","5001  >  50264 [PSH, ACK] Seq=69633 Ack=1 Win=2048 Len=1024"
"244","18.059406","192.168.0.214","192.168.0.200","TCP","1078","5001  >  50264 [PSH, ACK] Seq=70657 Ack=1 Win=2048 Len=1024"
"246","18.064613","192.168.0.214","192.168.0.200","TCP","1078","5001  >  50264 [PSH, ACK] Seq=71681 Ack=1 Win=2048 Len=1024"
"247","18.068773","192.168.0.214","192.168.0.200","TCP","1078","5001  >  50264 [PSH, ACK] Seq=72705 Ack=1 Win=2048 Len=1024"
"249","18.073009","192.168.0.214","192.168.0.200","TCP","1078","5001  >  50264 [PSH, ACK] Seq=73729 Ack=1 Win=2048 Len=1024"
"250","18.077231","192.168.0.214","192.168.0.200","TCP","1078","5001  >  50264 [PSH, ACK] Seq=74753 Ack=1 Win=2048 Len=1024"
"252","18.081424","192.168.0.214","192.168.0.200","TCP","1078","5001  >  50264 [PSH, ACK] Seq=75777 Ack=1 Win=2048 Len=1024"
"253","18.086635","192.168.0.214","192.168.0.200","TCP","1078","5001  >  50264 [PSH, ACK] Seq=76801 Ack=1 Win=2048 Len=1024"
"255","18.091220","192.168.0.214","192.168.0.200","TCP","1078","5001  >  50264 [PSH, ACK] Seq=77825 Ack=1 Win=2048 Len=1024"
"256","18.095440","192.168.0.214","192.168.0.200","TCP","1078","5001  >  50264 [PSH, ACK] Seq=78849 Ack=1 Win=2048 Len=1024"
"258","18.100801","192.168.0.214","192.168.0.200","TCP","1078","5001  >  50264 [PSH, ACK] Seq=79873 Ack=1 Win=2048 Len=1024"
"259","18.104844","192.168.0.214","192.168.0.200","TCP","1078","5001  >  50264 [PSH, ACK] Seq=80897 Ack=1 Win=2048 Len=1024"
"261","18.109217","192.168.0.214","192.168.0.200","TCP","1078","5001  >  50264 [PSH, ACK] Seq=81921 Ack=1 Win=2048 Len=1024"
"262","18.113407","192.168.0.214","192.168.0.200","TCP","1078","5001  >  50264 [PSH, ACK] Seq=82945 Ack=1 Win=2048 Len=1024"
"264","18.117437","192.168.0.214","192.168.0.200","TCP","1078","5001  >  50264 [PSH, ACK] Seq=83969 Ack=1 Win=2048 Len=1024"
"265","18.122625","192.168.0.214","192.168.0.200","TCP","1078","5001  >  50264 [PSH, ACK] Seq=84993 Ack=1 Win=2048 Len=1024"
"267","18.127237","192.168.0.214","192.168.0.200","TCP","1078","5001  >  50264 [PSH, ACK] Seq=86017 Ack=1 Win=2048 Len=1024"
"268","18.131641","192.168.0.214","192.168.0.200","TCP","1078","5001  >  50264 [PSH, ACK] Seq=87041 Ack=1 Win=2048 Len=1024"
"270","18.136670","192.168.0.214","192.168.0.200","TCP","1078","5001  >  50264 [PSH, ACK] Seq=88065 Ack=1 Win=2048 Len=1024"
"271","18.140130","192.168.0.214","192.168.0.200","TCP","1078","5001  >  50264 [PSH, ACK] Seq=89089 Ack=1 Win=2048 Len=1024"
"273","18.143089","192.168.0.214","192.168.0.200","TCP","1078","5001  >  50264 [PSH, ACK] Seq=90113 Ack=1 Win=2048 Len=1024"
"274","18.145305","192.168.0.214","192.168.0.200","TCP","1078","5001  >  50264 [PSH, ACK] Seq=91137 Ack=1 Win=2048 Len=1024"
"276","18.148281","192.168.0.214","192.168.0.200","TCP","1078","5001  >  50264 [PSH, ACK] Seq=92161 Ack=1 Win=2048 Len=1024"
"277","18.151500","192.168.0.214","192.168.0.200","TCP","1078","5001  >  50264 [PSH, ACK] Seq=93185 Ack=1 Win=2048 Len=1024"
"279","18.156683","192.168.0.214","192.168.0.200","TCP","1078","5001  >  50264 [PSH, ACK] Seq=94209 Ack=1 Win=2048 Len=1024"
"280","18.160856","192.168.0.214","192.168.0.200","TCP","1078","5001  >  50264 [PSH, ACK] Seq=95233 Ack=1 Win=2048 Len=1024"
"282","18.165079","192.168.0.214","192.168.0.200","TCP","1078","5001  >  50264 [PSH, ACK] Seq=96257 Ack=1 Win=2048 Len=1024"
"283","18.169465","192.168.0.214","192.168.0.200","TCP","1078","5001  >  50264 [PSH, ACK] Seq=97281 Ack=1 Win=2048 Len=1024"
"285","18.173511","192.168.0.214","192.168.0.200","TCP","1078","5001  >  50264 [PSH, ACK] Seq=98305 Ack=1 Win=2048 Len=1024"
"286","18.178699","192.168.0.214","192.168.0.200","TCP","1078","5001  >  50264 [PSH, ACK] Seq=99329 Ack=1 Win=2048 Len=1024"
"288","18.182842","192.168.0.214","192.168.0.200","TCP","1078","5001  >  50264 [PSH, ACK] Seq=100353 Ack=1 Win=2048 Len=1024"
"289","18.187040","192.168.0.214","192.168.0.200","TCP","1078","5001  >  50264 [PSH, ACK] Seq=101377 Ack=1 Win=2048 Len=1024"
"291","18.192227","192.168.0.214","192.168.0.200","TCP","1078","5001  >  50264 [PSH, ACK] Seq=102401 Ack=1 Win=2048 Len=1024"
"292","18.196450","192.168.0.214","192.168.0.200","TCP","1078","5001  >  50264 [PSH, ACK] Seq=103425 Ack=1 Win=2048 Len=1024"
"294","18.200685","192.168.0.214","192.168.0.200","TCP","1078","5001  >  50264 [PSH, ACK] Seq=104449 Ack=1 Win=2048 Len=1024"
"295","18.204840","192.168.0.214","192.168.0.200","TCP","1078","5001  >  50264 [PSH, ACK] Seq=105473 Ack=1 Win=2048 Len=1024"
"297","18.210084","192.168.0.214","192.168.0.200","TCP","1078","5001  >  50264 [PSH, ACK] Seq=106497 Ack=1 Win=2048 Len=1024"
"299","18.214776","192.168.0.214","192.168.0.200","TCP","1078","5001  >  50264 [PSH, ACK] Seq=107521 Ack=1 Win=2048 Len=1024"
"301","18.218972","192.168.0.214","192.168.0.200","TCP","1078","5001  >  50264 [PSH, ACK] Seq=108545 Ack=1 Win=2048 Len=1024"
"302","18.224181","192.168.0.214","192.168.0.200","TCP","1078","5001  >  50264 [PSH, ACK] Seq=109569 Ack=1 Win=2048 Len=1024"
"304","18.228386","192.168.0.214","192.168.0.200","TCP","1078","5001  >  50264 [PSH, ACK] Seq=110593 Ack=1 Win=2048 Len=1024"
"305","18.232584","192.168.0.214","192.168.0.200","TCP","1078","5001  >  50264 [PSH, ACK] Seq=111617 Ack=1 Win=2048 Len=1024"
"307","18.236788","192.168.0.214","192.168.0.200","TCP","1078","5001  >  50264 [PSH, ACK] Seq=112641 Ack=1 Win=2048 Len=1024"
"308","18.240972","192.168.0.214","192.168.0.200","TCP","1078","5001  >  50264 [PSH, ACK] Seq=113665 Ack=1 Win=2048 Len=1024"
"310","18.246216","192.168.0.214","192.168.0.200","TCP","1078","5001  >  50264 [PSH, ACK] Seq=114689 Ack=1 Win=2048 Len=1024"
"311","18.250422","192.168.0.214","192.168.0.200","TCP","1078","5001  >  50264 [PSH, ACK] Seq=115713 Ack=1 Win=2048 Len=1024"
"313","18.254586","192.168.0.214","192.168.0.200","TCP","1078","5001  >  50264 [PSH, ACK] Seq=116737 Ack=1 Win=2048 Len=1024"
"314","18.258870","192.168.0.214","192.168.0.200","TCP","1078","5001  >  50264 [PSH, ACK] Seq=117761 Ack=1 Win=2048 Len=1024"
"316","18.263068","192.168.0.214","192.168.0.200","TCP","1078","5001  >  50264 [PSH, ACK] Seq=118785 Ack=1 Win=2048 Len=1024"
"317","18.268274","192.168.0.214","192.168.0.200","TCP","1078","5001  >  50264 [PSH, ACK] Seq=119809 Ack=1 Win=2048 Len=1024"
"319","18.272490","192.168.0.214","192.168.0.200","TCP","1078","5001  >  50264 [PSH, ACK] Seq=120833 Ack=1 Win=2048 Len=1024"
"320","18.276676","192.168.0.214","192.168.0.200","TCP","1078","5001  >  50264 [PSH, ACK] Seq=121857 Ack=1 Win=2048 Len=1024"
"322","18.280867","192.168.0.214","192.168.0.200","TCP","1078","5001  >  50264 [PSH, ACK] Seq=122881 Ack=1 Win=2048 Len=1024"
"323","18.285086","192.168.0.214","192.168.0.200","TCP","1078","5001  >  50264 [PSH, ACK] Seq=123905 Ack=1 Win=2048 Len=1024"
"326","18.290270","192.168.0.214","192.168.0.200","TCP","1078","5001  >  50264 [PSH, ACK] Seq=124929 Ack=1 Win=2048 Len=1024"
"327","18.294450","192.168.0.214","192.168.0.200","TCP","1078","5001  >  50264 [PSH, ACK] Seq=125953 Ack=1 Win=2048 Len=1024"
"329","18.298640","192.168.0.214","192.168.0.200","TCP","1078","5001  >  50264 [PSH, ACK] Seq=126977 Ack=1 Win=2048 Len=1024"
"330","18.302851","192.168.0.214","192.168.0.200","TCP","1078","5001  >  50264 [PSH, ACK] Seq=128001 Ack=1 Win=2048 Len=1024"
"332","18.307371","192.168.0.214","192.168.0.200","TCP","1078","5001  >  50264 [PSH, ACK] Seq=129025 Ack=1 Win=2048 Len=1024"
"333","18.309590","192.168.0.214","192.168.0.200","TCP","1078","5001  >  50264 [PSH, ACK] Seq=130049 Ack=1 Win=2048 Len=1024"
"335","18.311790","192.168.0.214","192.168.0.200","TCP","1078","5001  >  50264 [PSH, ACK] Seq=131073 Ack=1 Win=2048 Len=1024"
"336","18.313985","192.168.0.214","192.168.0.200","TCP","1078","5001  >  50264 [PSH, ACK] Seq=132097 Ack=1 Win=2048 Len=1024"
"338","18.316198","192.168.0.214","192.168.0.200","TCP","1078","5001  >  50264 [PSH, ACK] Seq=133121 Ack=1 Win=2048 Len=1024"
"339","18.320387","192.168.0.214","192.168.0.200","TCP","1078","5001  >  50264 [PSH, ACK] Seq=134145 Ack=1 Win=2048 Len=1024"
"341","18.324591","192.168.0.214","192.168.0.200","TCP","1078","5001  >  50264 [PSH, ACK] Seq=135169 Ack=1 Win=2048 Len=1024"
"342","18.328799","192.168.0.214","192.168.0.200","TCP","1078","5001  >  50264 [PSH, ACK] Seq=136193 Ack=1 Win=2048 Len=1024"
"344","18.333008","192.168.0.214","192.168.0.200","TCP","1078","5001  >  50264 [PSH, ACK] Seq=137217 Ack=1 Win=2048 Len=1024"
"345","18.338274","192.168.0.214","192.168.0.200","TCP","1078","5001  >  50264 [PSH, ACK] Seq=138241 Ack=1 Win=2048 Len=1024"
"347","18.342476","192.168.0.214","192.168.0.200","TCP","1078","5001  >  50264 [PSH, ACK] Seq=139265 Ack=1 Win=2048 Len=1024"
"348","18.346670","192.168.0.214","192.168.0.200","TCP","1078","5001  >  50264 [PSH, ACK] Seq=140289 Ack=1 Win=2048 Len=1024"
"350","18.350850","192.168.0.214","192.168.0.200","TCP","1078","5001  >  50264 [PSH, ACK] Seq=141313 Ack=1 Win=2048 Len=1024"
"351","18.355069","192.168.0.214","192.168.0.200","TCP","1078","5001  >  50264 [PSH, ACK] Seq=142337 Ack=1 Win=2048 Len=1024"
"353","18.360291","192.168.0.214","192.168.0.200","TCP","1078","5001  >  50264 [PSH, ACK] Seq=143361 Ack=1 Win=2048 Len=1024"
"354","18.364489","192.168.0.214","192.168.0.200","TCP","1078","5001  >  50264 [PSH, ACK] Seq=144385 Ack=1 Win=2048 Len=1024"
"356","18.368722","192.168.0.214","192.168.0.200","TCP","1078","5001  >  50264 [PSH, ACK] Seq=145409 Ack=1 Win=2048 Len=1024"
"357","18.372900","192.168.0.214","192.168.0.200","TCP","1078","5001  >  50264 [PSH, ACK] Seq=146433 Ack=1 Win=2048 Len=1024"
"359","18.377103","192.168.0.214","192.168.0.200","TCP","1078","5001  >  50264 [PSH, ACK] Seq=147457 Ack=1 Win=2048 Len=1024"
"360","18.382311","192.168.0.214","192.168.0.200","TCP","1078","5001  >  50264 [PSH, ACK] Seq=148481 Ack=1 Win=2048 Len=1024"
"362","18.386502","192.168.0.214","192.168.0.200","TCP","1078","5001  >  50264 [PSH, ACK] Seq=149505 Ack=1 Win=2048 Len=1024"
"363","18.390711","192.168.0.214","192.168.0.200","TCP","1078","5001  >  50264 [PSH, ACK] Seq=150529 Ack=1 Win=2048 Len=1024"
"365","18.394914","192.168.0.214","192.168.0.200","TCP","1078","5001  >  50264 [PSH, ACK] Seq=151553 Ack=1 Win=2048 Len=1024"
"366","18.400110","192.168.0.214","192.168.0.200","TCP","1078","5001  >  50264 [PSH, ACK] Seq=152577 Ack=1 Win=2048 Len=1024"
"368","18.404327","192.168.0.214","192.168.0.200","TCP","1078","5001  >  50264 [PSH, ACK] Seq=153601 Ack=1 Win=2048 Len=1024"
"369","18.408521","192.168.0.214","192.168.0.200","TCP","1078","5001  >  50264 [PSH, ACK] Seq=154625 Ack=1 Win=2048 Len=1024"
"371","18.412734","192.168.0.214","192.168.0.200","TCP","1078","5001  >  50264 [PSH, ACK] Seq=155649 Ack=1 Win=2048 Len=1024"
"372","18.416929","192.168.0.214","192.168.0.200","TCP","1078","5001  >  50264 [PSH, ACK] Seq=156673 Ack=1 Win=2048 Len=1024"
"374","18.422178","192.168.0.214","192.168.0.200","TCP","1078","5001  >  50264 [PSH, ACK] Seq=157697 Ack=1 Win=2048 Len=1024"
"375","18.426341","192.168.0.214","192.168.0.200","TCP","1078","5001  >  50264 [PSH, ACK] Seq=158721 Ack=1 Win=2048 Len=1024"
"377","18.430553","192.168.0.214","192.168.0.200","TCP","1078","5001  >  50264 [PSH, ACK] Seq=159745 Ack=1 Win=2048 Len=1024"
"378","18.434745","192.168.0.214","192.168.0.200","TCP","1078","5001  >  50264 [PSH, ACK] Seq=160769 Ack=1 Win=2048 Len=1024"
"380","18.438952","192.168.0.214","192.168.0.200","TCP","1078","5001  >  50264 [PSH, ACK] Seq=161793 Ack=1 Win=2048 Len=1024"
"381","18.444157","192.168.0.214","192.168.0.200","TCP","1078","5001  >  50264 [PSH, ACK] Seq=162817 Ack=1 Win=2048 Len=1024"
"383","18.448367","192.168.0.214","192.168.0.200","TCP","1078","5001  >  50264 [PSH, ACK] Seq=163841 Ack=1 Win=2048 Len=1024"
"384","18.452567","192.168.0.214","192.168.0.200","TCP","1078","5001  >  50264 [PSH, ACK] Seq=164865 Ack=1 Win=2048 Len=1024"
"386","18.456779","192.168.0.214","192.168.0.200","TCP","1078","5001  >  50264 [PSH, ACK] Seq=165889 Ack=1 Win=2048 Len=1024"
"387","18.460916","192.168.0.214","192.168.0.200","TCP","1078","5001  >  50264 [PSH, ACK] Seq=166913 Ack=1 Win=2048 Len=1024"
"389","18.466190","192.168.0.214","192.168.0.200","TCP","1078","5001  >  50264 [PSH, ACK] Seq=167937 Ack=1 Win=2048 Len=1024"
"390","18.470389","192.168.0.214","192.168.0.200","TCP","1078","5001  >  50264 [PSH, ACK] Seq=168961 Ack=1 Win=2048 Len=1024"
"392","18.474611","192.168.0.214","192.168.0.200","TCP","1078","5001  >  50264 [PSH, ACK] Seq=169985 Ack=1 Win=2048 Len=1024"
"393","18.477115","192.168.0.214","192.168.0.200","TCP","1078","5001  >  50264 [PSH, ACK] Seq=171009 Ack=1 Win=2048 Len=1024"
"395","18.479320","192.168.0.214","192.168.0.200","TCP","1078","5001  >  50264 [PSH, ACK] Seq=172033 Ack=1 Win=2048 Len=1024"
"396","18.481523","192.168.0.214","192.168.0.200","TCP","1078","5001  >  50264 [PSH, ACK] Seq=173057 Ack=1 Win=2048 Len=1024"
"398","18.483730","192.168.0.214","192.168.0.200","TCP","1078","5001  >  50264 [PSH, ACK] Seq=174081 Ack=1 Win=2048 Len=1024"
"399","18.486932","192.168.0.214","192.168.0.200","TCP","1078","5001  >  50264 [PSH, ACK] Seq=175105 Ack=1 Win=2048 Len=1024"
"401","18.492140","192.168.0.214","192.168.0.200","TCP","1078","5001  >  50264 [PSH, ACK] Seq=176129 Ack=1 Win=2048 Len=1024"
"402","18.496339","192.168.0.214","192.168.0.200","TCP","1078","5001  >  50264 [PSH, ACK] Seq=177153 Ack=1 Win=2048 Len=1024"
"404","18.500605","192.168.0.214","192.168.0.200","TCP","1078","5001  >  50264 [PSH, ACK] Seq=178177 Ack=1 Win=2048 Len=1024"
"405","18.504738","192.168.0.214","192.168.0.200","TCP","1078","5001  >  50264 [PSH, ACK] Seq=179201 Ack=1 Win=2048 Len=1024"
"407","18.508942","192.168.0.214","192.168.0.200","TCP","1078","5001  >  50264 [PSH, ACK] Seq=180225 Ack=1 Win=2048 Len=1024"
"408","18.514156","192.168.0.214","192.168.0.200","TCP","1078","5001  >  50264 [PSH, ACK] Seq=181249 Ack=1 Win=2048 Len=1024"
"410","18.518355","192.168.0.214","192.168.0.200","TCP","1078","5001  >  50264 [PSH, ACK] Seq=182273 Ack=1 Win=2048 Len=1024"
"411","18.522552","192.168.0.214","192.168.0.200","TCP","1078","5001  >  50264 [PSH, ACK] Seq=183297 Ack=1 Win=2048 Len=1024"
"413","18.526754","192.168.0.214","192.168.0.200","TCP","1078","5001  >  50264 [PSH, ACK] Seq=184321 Ack=1 Win=2048 Len=1024"
"414","18.530944","192.168.0.214","192.168.0.200","TCP","1078","5001  >  50264 [PSH, ACK] Seq=185345 Ack=1 Win=2048 Len=1024"
"416","18.536171","192.168.0.214","192.168.0.200","TCP","1078","5001  >  50264 [PSH, ACK] Seq=186369 Ack=1 Win=2048 Len=1024"
"417","18.540373","192.168.0.214","192.168.0.200","TCP","1078","5001  >  50264 [PSH, ACK] Seq=187393 Ack=1 Win=2048 Len=1024"
"419","18.544594","192.168.0.214","192.168.0.200","TCP","1078","5001  >  50264 [PSH, ACK] Seq=188417 Ack=1 Win=2048 Len=1024"
"420","18.548784","192.168.0.214","192.168.0.200","TCP","1078","5001  >  50264 [PSH, ACK] Seq=189441 Ack=1 Win=2048 Len=1024"
"422","18.552968","192.168.0.214","192.168.0.200","TCP","1078","5001  >  50264 [PSH, ACK] Seq=190465 Ack=1 Win=2048 Len=1024"
"423","18.558209","192.168.0.214","192.168.0.200","TCP","1078","5001  >  50264 [PSH, ACK] Seq=191489 Ack=1 Win=2048 Len=1024"
"425","18.562399","192.168.0.214","192.168.0.200","TCP","1078","5001  >  50264 [PSH, ACK] Seq=192513 Ack=1 Win=2048 Len=1024"
"426","18.566612","192.168.0.214","192.168.0.200","TCP","1078","5001  >  50264 [PSH, ACK] Seq=193537 Ack=1 Win=2048 Len=1024"
"428","18.570751","192.168.0.214","192.168.0.200","TCP","1078","5001  >  50264 [PSH, ACK] Seq=194561 Ack=1 Win=2048 Len=1024"
"429","18.575039","192.168.0.214","192.168.0.200","TCP","1078","5001  >  50264 [PSH, ACK] Seq=195585 Ack=1 Win=2048 Len=1024"
"865","39.380211","192.168.0.214","192.168.0.200","TCP","1078","5001  >  50264 [PSH, ACK] Seq=198657 Ack=1 Win=2048 Len=1024"
"866","39.385449","192.168.0.214","192.168.0.200","TCP","1078","5001  >  50264 [PSH, ACK] Seq=199681 Ack=1 Win=2048 Len=1024"
"868","39.389595","192.168.0.214","192.168.0.200","TCP","1078","5001  >  50264 [PSH, ACK] Seq=200705 Ack=1 Win=2048 Len=1024"
"869","39.393841","192.168.0.214","192.168.0.200","TCP","1078","5001  >  50264 [PSH, ACK] Seq=201729 Ack=1 Win=2048 Len=1024"
"871","39.398001","192.168.0.214","192.168.0.200","TCP","1078","5001  >  50264 [PSH, ACK] Seq=202753 Ack=1 Win=2048 Len=1024"
"872","39.402217","192.168.0.214","192.168.0.200","TCP","1078","5001  >  50264 [PSH, ACK] Seq=203777 Ack=1 Win=2048 Len=1024"
"874","39.407421","192.168.0.214","192.168.0.200","TCP","1078","5001  >  50264 [PSH, ACK] Seq=204801 Ack=1 Win=2048 Len=1024"
"875","39.411639","192.168.0.214","192.168.0.200","TCP","1078","5001  >  50264 [PSH, ACK] Seq=205825 Ack=1 Win=2048 Len=1024"
"877","39.415813","192.168.0.214","192.168.0.200","TCP","1078","5001  >  50264 [PSH, ACK] Seq=206849 Ack=1 Win=2048 Len=1024"
"878","39.420112","192.168.0.214","192.168.0.200","TCP","1078","5001  >  50264 [PSH, ACK] Seq=207873 Ack=1 Win=2048 Len=1024"
"880","39.424187","192.168.0.214","192.168.0.200","TCP","1078","5001  >  50264 [PSH, ACK] Seq=208897 Ack=1 Win=2048 Len=1024"
"881","39.429467","192.168.0.214","192.168.0.200","TCP","1078","5001  >  50264 [PSH, ACK] Seq=209921 Ack=1 Win=2048 Len=1024"
"883","39.433633","192.168.0.214","192.168.0.200","TCP","1078","5001  >  50264 [PSH, ACK] Seq=210945 Ack=1 Win=2048 Len=1024"
"884","39.437844","192.168.0.214","192.168.0.200","TCP","1078","5001  >  50264 [PSH, ACK] Seq=211969 Ack=1 Win=2048 Len=1024"
"886","39.441974","192.168.0.214","192.168.0.200","TCP","1078","5001  >  50264 [PSH, ACK] Seq=212993 Ack=1 Win=2048 Len=1024"
"887","39.446277","192.168.0.214","192.168.0.200","TCP","1078","5001  >  50264 [PSH, ACK] Seq=214017 Ack=1 Win=2048 Len=1024"
"889","39.451457","192.168.0.214","192.168.0.200","TCP","1078","5001  >  50264 [PSH, ACK] Seq=215041 Ack=1 Win=2048 Len=1024"
"890","39.455655","192.168.0.214","192.168.0.200","TCP","1078","5001  >  50264 [PSH, ACK] Seq=216065 Ack=1 Win=2048 Len=1024"
"892","39.459855","192.168.0.214","192.168.0.200","TCP","1078","5001  >  50264 [PSH, ACK] Seq=217089 Ack=1 Win=2048 Len=1024"
"893","39.464065","192.168.0.214","192.168.0.200","TCP","1078","5001  >  50264 [PSH, ACK] Seq=218113 Ack=1 Win=2048 Len=1024"
"895","39.468270","192.168.0.214","192.168.0.200","TCP","1078","5001  >  50264 [PSH, ACK] Seq=219137 Ack=1 Win=2048 Len=1024"
"896","39.473451","192.168.0.214","192.168.0.200","TCP","1078","5001  >  50264 [PSH, ACK] Seq=220161 Ack=1 Win=2048 Len=1024"
"898","39.476949","192.168.0.214","192.168.0.200","TCP","1078","5001  >  50264 [PSH, ACK] Seq=221185 Ack=1 Win=2048 Len=1024"
"899","39.479175","192.168.0.214","192.168.0.200","TCP","1078","5001  >  50264 [PSH, ACK] Seq=222209 Ack=1 Win=2048 Len=1024"
"901","39.481345","192.168.0.214","192.168.0.200","TCP","1078","5001  >  50264 [PSH, ACK] Seq=223233 Ack=1 Win=2048 Len=1024"
"902","39.483560","192.168.0.214","192.168.0.200","TCP","1078","5001  >  50264 [PSH, ACK] Seq=224257 Ack=1 Win=2048 Len=1024"
"904","39.485737","192.168.0.214","192.168.0.200","TCP","1078","5001  >  50264 [PSH, ACK] Seq=225281 Ack=1 Win=2048 Len=1024"
"905","39.489972","192.168.0.214","192.168.0.200","TCP","1078","5001  >  50264 [PSH, ACK] Seq=226305 Ack=1 Win=2048 Len=1024"
"907","39.494177","192.168.0.214","192.168.0.200","TCP","1078","5001  >  50264 [PSH, ACK] Seq=227329 Ack=1 Win=2048 Len=1024"
"908","39.499397","192.168.0.214","192.168.0.200","TCP","1078","5001  >  50264 [PSH, ACK] Seq=228353 Ack=1 Win=2048 Len=1024"
"910","39.503582","192.168.0.214","192.168.0.200","TCP","1078","5001  >  50264 [PSH, ACK] Seq=229377 Ack=1 Win=2048 Len=1024"
"911","39.507789","192.168.0.214","192.168.0.200","TCP","1078","5001  >  50264 [PSH, ACK] Seq=230401 Ack=1 Win=2048 Len=1024"
"913","39.511998","192.168.0.214","192.168.0.200","TCP","1078","5001  >  50264 [PSH, ACK] Seq=231425 Ack=1 Win=2048 Len=1024"
"914","39.516208","192.168.0.214","192.168.0.200","TCP","1078","5001  >  50264 [PSH, ACK] Seq=232449 Ack=1 Win=2048 Len=1024"
"916","39.521397","192.168.0.214","192.168.0.200","TCP","1078","5001  >  50264 [PSH, ACK] Seq=233473 Ack=1 Win=2048 Len=1024"
"917","39.525598","192.168.0.214","192.168.0.200","TCP","1078","5001  >  50264 [PSH, ACK] Seq=234497 Ack=1 Win=2048 Len=1024"
"919","39.529815","192.168.0.214","192.168.0.200","TCP","1078","5001  >  50264 [PSH, ACK] Seq=235521 Ack=1 Win=2048 Len=1024"
"920","39.534022","192.168.0.214","192.168.0.200","TCP","1078","5001  >  50264 [PSH, ACK] Seq=236545 Ack=1 Win=2048 Len=1024"
"922","39.538268","192.168.0.214","192.168.0.200","TCP","1078","5001  >  50264 [PSH, ACK] Seq=237569 Ack=1 Win=2048 Len=1024"
"923","39.543450","192.168.0.214","192.168.0.200","TCP","1078","5001  >  50264 [PSH, ACK] Seq=238593 Ack=1 Win=2048 Len=1024"
"925","39.547632","192.168.0.214","192.168.0.200","TCP","1078","5001  >  50264 [PSH, ACK] Seq=239617 Ack=1 Win=2048 Len=1024"
"926","39.551847","192.168.0.214","192.168.0.200","TCP","1078","5001  >  50264 [PSH, ACK] Seq=240641 Ack=1 Win=2048 Len=1024"
"928","39.556056","192.168.0.214","192.168.0.200","TCP","1078","5001  >  50264 [PSH, ACK] Seq=241665 Ack=1 Win=2048 Len=1024"
"929","39.560190","192.168.0.214","192.168.0.200","TCP","1078","5001  >  50264 [PSH, ACK] Seq=242689 Ack=1 Win=2048 Len=1024"
"931","39.565420","192.168.0.214","192.168.0.200","TCP","1078","5001  >  50264 [PSH, ACK] Seq=243713 Ack=1 Win=2048 Len=1024"
"932","39.569592","192.168.0.214","192.168.0.200","TCP","1078","5001  >  50264 [PSH, ACK] Seq=244737 Ack=1 Win=2048 Len=1024"
"934","39.573805","192.168.0.214","192.168.0.200","TCP","1078","5001  >  50264 [PSH, ACK] Seq=245761 Ack=1 Win=2048 Len=1024"
"935","39.578015","192.168.0.214","192.168.0.200","TCP","1078","5001  >  50264 [PSH, ACK] Seq=246785 Ack=1 Win=2048 Len=1024"
"937","39.582285","192.168.0.214","192.168.0.200","TCP","1078","5001  >  50264 [PSH, ACK] Seq=247809 Ack=1 Win=2048 Len=1024"
"938","39.587422","192.168.0.214","192.168.0.200","TCP","1078","5001  >  50264 [PSH, ACK] Seq=248833 Ack=1 Win=2048 Len=1024"
"940","39.591625","192.168.0.214","192.168.0.200","TCP","1078","5001  >  50264 [PSH, ACK] Seq=249857 Ack=1 Win=2048 Len=1024"
"941","39.595830","192.168.0.214","192.168.0.200","TCP","1078","5001  >  50264 [PSH, ACK] Seq=250881 Ack=1 Win=2048 Len=1024"
"943","39.600042","192.168.0.214","192.168.0.200","TCP","1078","5001  >  50264 [PSH, ACK] Seq=251905 Ack=1 Win=2048 Len=1024"
"944","39.605245","192.168.0.214","192.168.0.200","TCP","1078","5001  >  50264 [PSH, ACK] Seq=252929 Ack=1 Win=2048 Len=1024"
"946","39.609491","192.168.0.214","192.168.0.200","TCP","1078","5001  >  50264 [PSH, ACK] Seq=253953 Ack=1 Win=2048 Len=1024"
"947","39.613662","192.168.0.214","192.168.0.200","TCP","1078","5001  >  50264 [PSH, ACK] Seq=254977 Ack=1 Win=2048 Len=1024"
"949","39.617828","192.168.0.214","192.168.0.200","TCP","1078","5001  >  50264 [PSH, ACK] Seq=256001 Ack=1 Win=2048 Len=1024"
"950","39.622056","192.168.0.214","192.168.0.200","TCP","1078","5001  >  50264 [PSH, ACK] Seq=257025 Ack=1 Win=2048 Len=1024"
"952","39.627253","192.168.0.214","192.168.0.200","TCP","1078","5001  >  50264 [PSH, ACK] Seq=258049 Ack=1 Win=2048 Len=1024"
"953","39.631460","192.168.0.214","192.168.0.200","TCP","1078","5001  >  50264 [PSH, ACK] Seq=259073 Ack=1 Win=2048 Len=1024"
"955","39.635661","192.168.0.214","192.168.0.200","TCP","1078","5001  >  50264 [PSH, ACK] Seq=260097 Ack=1 Win=2048 Len=1024"
"1228","52.610041","192.168.0.214","192.168.0.200","TCP","1078","5001  >  50264 [PSH, ACK] Seq=263169 Ack=1 Win=2048 Len=1024"
"1230","52.614254","192.168.0.214","192.168.0.200","TCP","1078","5001  >  50264 [PSH, ACK] Seq=264193 Ack=1 Win=2048 Len=1024"
"1231","52.618449","192.168.0.214","192.168.0.200","TCP","1078","5001  >  50264 [PSH, ACK] Seq=265217 Ack=1 Win=2048 Len=1024"
"1233","52.622581","192.168.0.214","192.168.0.200","TCP","1078","5001  >  50264 [PSH, ACK] Seq=266241 Ack=1 Win=2048 Len=1024"
"1234","52.626852","192.168.0.214","192.168.0.200","TCP","1078","5001  >  50264 [PSH, ACK] Seq=267265 Ack=1 Win=2048 Len=1024"
"1236","52.632066","192.168.0.214","192.168.0.200","TCP","1078","5001  >  50264 [PSH, ACK] Seq=268289 Ack=1 Win=2048 Len=1024"
"1237","52.636270","192.168.0.214","192.168.0.200","TCP","1078","5001  >  50264 [PSH, ACK] Seq=269313 Ack=1 Win=2048 Len=1024"
"1239","52.640530","192.168.0.214","192.168.0.200","TCP","1078","5001  >  50264 [PSH, ACK] Seq=270337 Ack=1 Win=2048 Len=1024"
"1240","52.644676","192.168.0.214","192.168.0.200","TCP","1078","5001  >  50264 [PSH, ACK] Seq=271361 Ack=1 Win=2048 Len=1024"
"1242","52.648879","192.168.0.214","192.168.0.200","TCP","1078","5001  >  50264 [PSH, ACK] Seq=272385 Ack=1 Win=2048 Len=1024"
"1243","52.654086","192.168.0.214","192.168.0.200","TCP","1078","5001  >  50264 [PSH, ACK] Seq=273409 Ack=1 Win=2048 Len=1024"
"1245","52.658294","192.168.0.214","192.168.0.200","TCP","1078","5001  >  50264 [PSH, ACK] Seq=274433 Ack=1 Win=2048 Len=1024"
"1246","52.662498","192.168.0.214","192.168.0.200","TCP","1078","5001  >  50264 [PSH, ACK] Seq=275457 Ack=1 Win=2048 Len=1024"
"1248","52.666699","192.168.0.214","192.168.0.200","TCP","1078","5001  >  50264 [PSH, ACK] Seq=276481 Ack=1 Win=2048 Len=1024"
"1249","52.670894","192.168.0.214","192.168.0.200","TCP","1078","5001  >  50264 [PSH, ACK] Seq=277505 Ack=1 Win=2048 Len=1024"
"1251","52.676121","192.168.0.214","192.168.0.200","TCP","1078","5001  >  50264 [PSH, ACK] Seq=278529 Ack=1 Win=2048 Len=1024"
"1252","52.680316","192.168.0.214","192.168.0.200","TCP","1078","5001  >  50264 [PSH, ACK] Seq=279553 Ack=1 Win=2048 Len=1024"
"1254","52.684528","192.168.0.214","192.168.0.200","TCP","1078","5001  >  50264 [PSH, ACK] Seq=280577 Ack=1 Win=2048 Len=1024"
"1255","52.688738","192.168.0.214","192.168.0.200","TCP","1078","5001  >  50264 [PSH, ACK] Seq=281601 Ack=1 Win=2048 Len=1024"
"1257","52.692932","192.168.0.214","192.168.0.200","TCP","1078","5001  >  50264 [PSH, ACK] Seq=282625 Ack=1 Win=2048 Len=1024"
"1258","52.698144","192.168.0.214","192.168.0.200","TCP","1078","5001  >  50264 [PSH, ACK] Seq=283649 Ack=1 Win=2048 Len=1024"
"1260","52.702290","192.168.0.214","192.168.0.200","TCP","1078","5001  >  50264 [PSH, ACK] Seq=284673 Ack=1 Win=2048 Len=1024"
"1261","52.706542","192.168.0.214","192.168.0.200","TCP","1078","5001  >  50264 [PSH, ACK] Seq=285697 Ack=1 Win=2048 Len=1024"
"1263","52.710741","192.168.0.214","192.168.0.200","TCP","1078","5001  >  50264 [PSH, ACK] Seq=286721 Ack=1 Win=2048 Len=1024"
"1264","52.714959","192.168.0.214","192.168.0.200","TCP","1078","5001  >  50264 [PSH, ACK] Seq=287745 Ack=1 Win=2048 Len=1024"
"1266","52.720172","192.168.0.214","192.168.0.200","TCP","1078","5001  >  50264 [PSH, ACK] Seq=288769 Ack=1 Win=2048 Len=1024"
"1267","52.724374","192.168.0.214","192.168.0.200","TCP","1078","5001  >  50264 [PSH, ACK] Seq=289793 Ack=1 Win=2048 Len=1024"
"1269","52.728566","192.168.0.214","192.168.0.200","TCP","1078","5001  >  50264 [PSH, ACK] Seq=290817 Ack=1 Win=2048 Len=1024"
"1270","52.732757","192.168.0.214","192.168.0.200","TCP","1078","5001  >  50264 [PSH, ACK] Seq=291841 Ack=1 Win=2048 Len=1024"
"1272","52.736979","192.168.0.214","192.168.0.200","TCP","1078","5001  >  50264 [PSH, ACK] Seq=292865 Ack=1 Win=2048 Len=1024"
"1273","52.742227","192.168.0.214","192.168.0.200","TCP","1078","5001  >  50264 [PSH, ACK] Seq=293889 Ack=1 Win=2048 Len=1024"
"1275","52.746382","192.168.0.214","192.168.0.200","TCP","1078","5001  >  50264 [PSH, ACK] Seq=294913 Ack=1 Win=2048 Len=1024"
"1276","52.749885","192.168.0.214","192.168.0.200","TCP","1078","5001  >  50264 [PSH, ACK] Seq=295937 Ack=1 Win=2048 Len=1024"
"1278","52.752071","192.168.0.214","192.168.0.200","TCP","1078","5001  >  50264 [PSH, ACK] Seq=296961 Ack=1 Win=2048 Len=1024"
"1279","52.754292","192.168.0.214","192.168.0.200","TCP","1078","5001  >  50264 [PSH, ACK] Seq=297985 Ack=1 Win=2048 Len=1024"
"1281","52.756493","192.168.0.214","192.168.0.200","TCP","1078","5001  >  50264 [PSH, ACK] Seq=299009 Ack=1 Win=2048 Len=1024"
"1282","52.758709","192.168.0.214","192.168.0.200","TCP","1078","5001  >  50264 [PSH, ACK] Seq=300033 Ack=1 Win=2048 Len=1024"
"1284","52.762871","192.168.0.214","192.168.0.200","TCP","1078","5001  >  50264 [PSH, ACK] Seq=301057 Ack=1 Win=2048 Len=1024"
"1285","52.768116","192.168.0.214","192.168.0.200","TCP","1078","5001  >  50264 [PSH, ACK] Seq=302081 Ack=1 Win=2048 Len=1024"
"1287","52.772315","192.168.0.214","192.168.0.200","TCP","1078","5001  >  50264 [PSH, ACK] Seq=303105 Ack=1 Win=2048 Len=1024"
"1288","52.776519","192.168.0.214","192.168.0.200","TCP","1078","5001  >  50264 [PSH, ACK] Seq=304129 Ack=1 Win=2048 Len=1024"
"1290","52.780720","192.168.0.214","192.168.0.200","TCP","1078","5001  >  50264 [PSH, ACK] Seq=305153 Ack=1 Win=2048 Len=1024"
"1291","52.784926","192.168.0.214","192.168.0.200","TCP","1078","5001  >  50264 [PSH, ACK] Seq=306177 Ack=1 Win=2048 Len=1024"
"1293","52.790158","192.168.0.214","192.168.0.200","TCP","1078","5001  >  50264 [PSH, ACK] Seq=307201 Ack=1 Win=2048 Len=1024"
"1294","52.794333","192.168.0.214","192.168.0.200","TCP","1078","5001  >  50264 [PSH, ACK] Seq=308225 Ack=1 Win=2048 Len=1024"
"1296","52.798533","192.168.0.214","192.168.0.200","TCP","1078","5001  >  50264 [PSH, ACK] Seq=309249 Ack=1 Win=2048 Len=1024"
"1297","52.802748","192.168.0.214","192.168.0.200","TCP","1078","5001  >  50264 [PSH, ACK] Seq=310273 Ack=1 Win=2048 Len=1024"
"1299","52.806946","192.168.0.214","192.168.0.200","TCP","1078","5001  >  50264 [PSH, ACK] Seq=311297 Ack=1 Win=2048 Len=1024"
"1300","52.812115","192.168.0.214","192.168.0.200","TCP","1078","5001  >  50264 [PSH, ACK] Seq=312321 Ack=1 Win=2048 Len=1024"
"1302","52.816309","192.168.0.214","192.168.0.200","TCP","1078","5001  >  50264 [PSH, ACK] Seq=313345 Ack=1 Win=2048 Len=1024"
"1303","52.820505","192.168.0.214","192.168.0.200","TCP","1078","5001  >  50264 [PSH, ACK] Seq=314369 Ack=1 Win=2048 Len=1024"
"1305","52.824705","192.168.0.214","192.168.0.200","TCP","1078","5001  >  50264 [PSH, ACK] Seq=315393 Ack=1 Win=2048 Len=1024"
"1306","52.828919","192.168.0.214","192.168.0.200","TCP","1078","5001  >  50264 [PSH, ACK] Seq=316417 Ack=1 Win=2048 Len=1024"
"1308","52.834124","192.168.0.214","192.168.0.200","TCP","1078","5001  >  50264 [PSH, ACK] Seq=317441 Ack=1 Win=2048 Len=1024"
"1309","52.838313","192.168.0.214","192.168.0.200","TCP","1078","5001  >  50264 [PSH, ACK] Seq=318465 Ack=1 Win=2048 Len=1024"
"1311","52.842522","192.168.0.214","192.168.0.200","TCP","1078","5001  >  50264 [PSH, ACK] Seq=319489 Ack=1 Win=2048 Len=1024"
"1312","52.846733","192.168.0.214","192.168.0.200","TCP","1078","5001  >  50264 [PSH, ACK] Seq=320513 Ack=1 Win=2048 Len=1024"
"1314","52.850952","192.168.0.214","192.168.0.200","TCP","1078","5001  >  50264 [PSH, ACK] Seq=321537 Ack=1 Win=2048 Len=1024"
"1315","52.856153","192.168.0.214","192.168.0.200","TCP","1078","5001  >  50264 [PSH, ACK] Seq=322561 Ack=1 Win=2048 Len=1024"
"1317","52.860355","192.168.0.214","192.168.0.200","TCP","1078","5001  >  50264 [PSH, ACK] Seq=323585 Ack=1 Win=2048 Len=1024"
"1318","52.864598","192.168.0.214","192.168.0.200","TCP","1078","5001  >  50264 [PSH, ACK] Seq=324609 Ack=1 Win=2048 Len=1024"
"1320","52.868809","192.168.0.214","192.168.0.200","TCP","1078","5001  >  50264 [PSH, ACK] Seq=325633 Ack=1 Win=2048 Len=1024"
"1942","83.248410","192.168.0.214","192.168.0.200","TCP","1078","5001  >  50264 [PSH, ACK] Seq=328705 Ack=1 Win=2048 Len=1024"
"1943","83.252600","192.168.0.214","192.168.0.200","TCP","1078","5001  >  50264 [PSH, ACK] Seq=329729 Ack=1 Win=2048 Len=1024"
"1945","83.257819","192.168.0.214","192.168.0.200","TCP","1078","5001  >  50264 [PSH, ACK] Seq=330753 Ack=1 Win=2048 Len=1024"
"1946","83.262020","192.168.0.214","192.168.0.200","TCP","1078","5001  >  50264 [PSH, ACK] Seq=331777 Ack=1 Win=2048 Len=1024"
"1948","83.266218","192.168.0.214","192.168.0.200","TCP","1078","5001  >  50264 [PSH, ACK] Seq=332801 Ack=1 Win=2048 Len=1024"
"1949","83.270497","192.168.0.214","192.168.0.200","TCP","1078","5001  >  50264 [PSH, ACK] Seq=333825 Ack=1 Win=2048 Len=1024"
"1951","83.274627","192.168.0.214","192.168.0.200","TCP","1078","5001  >  50264 [PSH, ACK] Seq=334849 Ack=1 Win=2048 Len=1024"
"1953","83.279844","192.168.0.214","192.168.0.200","TCP","1078","5001  >  50264 [PSH, ACK] Seq=335873 Ack=1 Win=2048 Len=1024"
"1955","83.284026","192.168.0.214","192.168.0.200","TCP","1078","5001  >  50264 [PSH, ACK] Seq=336897 Ack=1 Win=2048 Len=1024"
"1956","83.288237","192.168.0.214","192.168.0.200","TCP","1078","5001  >  50264 [PSH, ACK] Seq=337921 Ack=1 Win=2048 Len=1024"
"1958","83.292464","192.168.0.214","192.168.0.200","TCP","1078","5001  >  50264 [PSH, ACK] Seq=338945 Ack=1 Win=2048 Len=1024"
"1959","83.296658","192.168.0.214","192.168.0.200","TCP","1078","5001  >  50264 [PSH, ACK] Seq=339969 Ack=1 Win=2048 Len=1024"
"1961","83.301814","192.168.0.214","192.168.0.200","TCP","1078","5001  >  50264 [PSH, ACK] Seq=340993 Ack=1 Win=2048 Len=1024"
"1962","83.306057","192.168.0.214","192.168.0.200","TCP","1078","5001  >  50264 [PSH, ACK] Seq=342017 Ack=1 Win=2048 Len=1024"
"1964","83.310257","192.168.0.214","192.168.0.200","TCP","1078","5001  >  50264 [PSH, ACK] Seq=343041 Ack=1 Win=2048 Len=1024"
"1965","83.314419","192.168.0.214","192.168.0.200","TCP","1078","5001  >  50264 [PSH, ACK] Seq=344065 Ack=1 Win=2048 Len=1024"
"1967","83.318626","192.168.0.214","192.168.0.200","TCP","1078","5001  >  50264 [PSH, ACK] Seq=345089 Ack=1 Win=2048 Len=1024"
"1968","83.323881","192.168.0.214","192.168.0.200","TCP","1078","5001  >  50264 [PSH, ACK] Seq=346113 Ack=1 Win=2048 Len=1024"
"1970","83.327364","192.168.0.214","192.168.0.200","TCP","1078","5001  >  50264 [PSH, ACK] Seq=347137 Ack=1 Win=2048 Len=1024"
"1971","83.329570","192.168.0.214","192.168.0.200","TCP","1078","5001  >  50264 [PSH, ACK] Seq=348161 Ack=1 Win=2048 Len=1024"
"1973","83.331787","192.168.0.214","192.168.0.200","TCP","1078","5001  >  50264 [PSH, ACK] Seq=349185 Ack=1 Win=2048 Len=1024"
"1974","83.333974","192.168.0.214","192.168.0.200","TCP","1078","5001  >  50264 [PSH, ACK] Seq=350209 Ack=1 Win=2048 Len=1024"
"1976","83.336181","192.168.0.214","192.168.0.200","TCP","1078","5001  >  50264 [PSH, ACK] Seq=351233 Ack=1 Win=2048 Len=1024"
"1977","83.340385","192.168.0.214","192.168.0.200","TCP","1078","5001  >  50264 [PSH, ACK] Seq=352257 Ack=1 Win=2048 Len=1024"
"1979","83.344610","192.168.0.214","192.168.0.200","TCP","1078","5001  >  50264 [PSH, ACK] Seq=353281 Ack=1 Win=2048 Len=1024"
"1980","83.349793","192.168.0.214","192.168.0.200","TCP","1078","5001  >  50264 [PSH, ACK] Seq=354305 Ack=1 Win=2048 Len=1024"
"1982","83.353995","192.168.0.214","192.168.0.200","TCP","1078","5001  >  50264 [PSH, ACK] Seq=355329 Ack=1 Win=2048 Len=1024"
"1983","83.358204","192.168.0.214","192.168.0.200","TCP","1078","5001  >  50264 [PSH, ACK] Seq=356353 Ack=1 Win=2048 Len=1024"
"1985","83.362395","192.168.0.214","192.168.0.200","TCP","1078","5001  >  50264 [PSH, ACK] Seq=357377 Ack=1 Win=2048 Len=1024"
"1986","83.366611","192.168.0.214","192.168.0.200","TCP","1078","5001  >  50264 [PSH, ACK] Seq=358401 Ack=1 Win=2048 Len=1024"
"1988","83.371819","192.168.0.214","192.168.0.200","TCP","1078","5001  >  50264 [PSH, ACK] Seq=359425 Ack=1 Win=2048 Len=1024"
"1989","83.376027","192.168.0.214","192.168.0.200","TCP","1078","5001  >  50264 [PSH, ACK] Seq=360449 Ack=1 Win=2048 Len=1024"
"1991","83.380222","192.168.0.214","192.168.0.200","TCP","1078","5001  >  50264 [PSH, ACK] Seq=361473 Ack=1 Win=2048 Len=1024"
"1992","83.384433","192.168.0.214","192.168.0.200","TCP","1078","5001  >  50264 [PSH, ACK] Seq=362497 Ack=1 Win=2048 Len=1024"
"1994","83.388668","192.168.0.214","192.168.0.200","TCP","1078","5001  >  50264 [PSH, ACK] Seq=363521 Ack=1 Win=2048 Len=1024"
"1995","83.393852","192.168.0.214","192.168.0.200","TCP","1078","5001  >  50264 [PSH, ACK] Seq=364545 Ack=1 Win=2048 Len=1024"
"1997","83.398043","192.168.0.214","192.168.0.200","TCP","1078","5001  >  50264 [PSH, ACK] Seq=365569 Ack=1 Win=2048 Len=1024"
"1998","83.402254","192.168.0.214","192.168.0.200","TCP","1078","5001  >  50264 [PSH, ACK] Seq=366593 Ack=1 Win=2048 Len=1024"
"2000","83.406457","192.168.0.214","192.168.0.200","TCP","1078","5001  >  50264 [PSH, ACK] Seq=367617 Ack=1 Win=2048 Len=1024"
"2001","83.410697","192.168.0.214","192.168.0.200","TCP","1078","5001  >  50264 [PSH, ACK] Seq=368641 Ack=1 Win=2048 Len=1024"
"2003","83.415868","192.168.0.214","192.168.0.200","TCP","1078","5001  >  50264 [PSH, ACK] Seq=369665 Ack=1 Win=2048 Len=1024"
"2004","83.420049","192.168.0.214","192.168.0.200","TCP","1078","5001  >  50264 [PSH, ACK] Seq=370689 Ack=1 Win=2048 Len=1024"
"2006","83.424270","192.168.0.214","192.168.0.200","TCP","1078","5001  >  50264 [PSH, ACK] Seq=371713 Ack=1 Win=2048 Len=1024"
"2007","83.428479","192.168.0.214","192.168.0.200","TCP","1078","5001  >  50264 [PSH, ACK] Seq=372737 Ack=1 Win=2048 Len=1024"
"2009","83.432705","192.168.0.214","192.168.0.200","TCP","1078","5001  >  50264 [PSH, ACK] Seq=373761 Ack=1 Win=2048 Len=1024"
"2010","83.437887","192.168.0.214","192.168.0.200","TCP","1078","5001  >  50264 [PSH, ACK] Seq=374785 Ack=1 Win=2048 Len=1024"
"2012","83.442083","192.168.0.214","192.168.0.200","TCP","1078","5001  >  50264 [PSH, ACK] Seq=375809 Ack=1 Win=2048 Len=1024"
"2013","83.446288","192.168.0.214","192.168.0.200","TCP","1078","5001  >  50264 [PSH, ACK] Seq=376833 Ack=1 Win=2048 Len=1024"
"2015","83.450558","192.168.0.214","192.168.0.200","TCP","1078","5001  >  50264 [PSH, ACK] Seq=377857 Ack=1 Win=2048 Len=1024"
"2016","83.454714","192.168.0.214","192.168.0.200","TCP","1078","5001  >  50264 [PSH, ACK] Seq=378881 Ack=1 Win=2048 Len=1024"
"2018","83.459907","192.168.0.214","192.168.0.200","TCP","1078","5001  >  50264 [PSH, ACK] Seq=379905 Ack=1 Win=2048 Len=1024"
"2019","83.464104","192.168.0.214","192.168.0.200","TCP","1078","5001  >  50264 [PSH, ACK] Seq=380929 Ack=1 Win=2048 Len=1024"
"2021","83.468311","192.168.0.214","192.168.0.200","TCP","1078","5001  >  50264 [PSH, ACK] Seq=381953 Ack=1 Win=2048 Len=1024"
"2022","83.472516","192.168.0.214","192.168.0.200","TCP","1078","5001  >  50264 [PSH, ACK] Seq=382977 Ack=1 Win=2048 Len=1024"
"2024","83.477723","192.168.0.214","192.168.0.200","TCP","1078","5001  >  50264 [PSH, ACK] Seq=384001 Ack=1 Win=2048 Len=1024"
"2025","83.481873","192.168.0.214","192.168.0.200","TCP","1078","5001  >  50264 [PSH, ACK] Seq=385025 Ack=1 Win=2048 Len=1024"
"2027","83.486123","192.168.0.214","192.168.0.200","TCP","1078","5001  >  50264 [PSH, ACK] Seq=386049 Ack=1 Win=2048 Len=1024"
"2028","83.490327","192.168.0.214","192.168.0.200","TCP","1078","5001  >  50264 [PSH, ACK] Seq=387073 Ack=1 Win=2048 Len=1024"
"2030","83.494546","192.168.0.214","192.168.0.200","TCP","1078","5001  >  50264 [PSH, ACK] Seq=388097 Ack=1 Win=2048 Len=1024"
"2031","83.497049","192.168.0.214","192.168.0.200","TCP","1078","5001  >  50264 [PSH, ACK] Seq=389121 Ack=1 Win=2048 Len=1024"
"2033","83.499254","192.168.0.214","192.168.0.200","TCP","1078","5001  >  50264 [PSH, ACK] Seq=390145 Ack=1 Win=2048 Len=1024"
"2034","83.501471","192.168.0.214","192.168.0.200","TCP","1078","5001  >  50264 [PSH, ACK] Seq=391169 Ack=1 Win=2048 Len=1024"
"2036","83.503670","192.168.0.214","192.168.0.200","TCP","1078","5001  >  50264 [PSH, ACK] Seq=392193 Ack=1 Win=2048 Len=1024"
"2704","116.110121","192.168.0.214","192.168.0.200","TCP","1078","5001  >  50264 [PSH, ACK] Seq=395265 Ack=1 Win=2048 Len=1024"
"2705","116.114305","192.168.0.214","192.168.0.200","TCP","1078","5001  >  50264 [PSH, ACK] Seq=396289 Ack=1 Win=2048 Len=1024"
"2707","116.118521","192.168.0.214","192.168.0.200","TCP","1078","5001  >  50264 [PSH, ACK] Seq=397313 Ack=1 Win=2048 Len=1024"
"2708","116.123725","192.168.0.214","192.168.0.200","TCP","1078","5001  >  50264 [PSH, ACK] Seq=398337 Ack=1 Win=2048 Len=1024"
"2710","116.127926","192.168.0.214","192.168.0.200","TCP","1078","5001  >  50264 [PSH, ACK] Seq=399361 Ack=1 Win=2048 Len=1024"
"2711","116.132116","192.168.0.214","192.168.0.200","TCP","1078","5001  >  50264 [PSH, ACK] Seq=400385 Ack=1 Win=2048 Len=1024"
"2713","116.136260","192.168.0.214","192.168.0.200","TCP","1078","5001  >  50264 [PSH, ACK] Seq=401409 Ack=1 Win=2048 Len=1024"
"2714","116.141538","192.168.0.214","192.168.0.200","TCP","1078","5001  >  50264 [PSH, ACK] Seq=402433 Ack=1 Win=2048 Len=1024"
"2716","116.145739","192.168.0.214","192.168.0.200","TCP","1078","5001  >  50264 [PSH, ACK] Seq=403457 Ack=1 Win=2048 Len=1024"
"2717","116.149926","192.168.0.214","192.168.0.200","TCP","1078","5001  >  50264 [PSH, ACK] Seq=404481 Ack=1 Win=2048 Len=1024"
"2719","116.154133","192.168.0.214","192.168.0.200","TCP","1078","5001  >  50264 [PSH, ACK] Seq=405505 Ack=1 Win=2048 Len=1024"
"2720","116.158336","192.168.0.214","192.168.0.200","TCP","1078","5001  >  50264 [PSH, ACK] Seq=406529 Ack=1 Win=2048 Len=1024"
"2722","116.163514","192.168.0.214","192.168.0.200","TCP","1078","5001  >  50264 [PSH, ACK] Seq=407553 Ack=1 Win=2048 Len=1024"
"2723","116.167691","192.168.0.214","192.168.0.200","TCP","1078","5001  >  50264 [PSH, ACK] Seq=408577 Ack=1 Win=2048 Len=1024"
"2725","116.171958","192.168.0.214","192.168.0.200","TCP","1078","5001  >  50264 [PSH, ACK] Seq=409601 Ack=1 Win=2048 Len=1024"
"2726","116.176152","192.168.0.214","192.168.0.200","TCP","1078","5001  >  50264 [PSH, ACK] Seq=410625 Ack=1 Win=2048 Len=1024"
"2728","116.180363","192.168.0.214","192.168.0.200","TCP","1078","5001  >  50264 [PSH, ACK] Seq=411649 Ack=1 Win=2048 Len=1024"
"2729","116.185580","192.168.0.214","192.168.0.200","TCP","1078","5001  >  50264 [PSH, ACK] Seq=412673 Ack=1 Win=2048 Len=1024"
"2731","116.189770","192.168.0.214","192.168.0.200","TCP","1078","5001  >  50264 [PSH, ACK] Seq=413697 Ack=1 Win=2048 Len=1024"
"2732","116.193979","192.168.0.214","192.168.0.200","TCP","1078","5001  >  50264 [PSH, ACK] Seq=414721 Ack=1 Win=2048 Len=1024"
"2734","116.198187","192.168.0.214","192.168.0.200","TCP","1078","5001  >  50264 [PSH, ACK] Seq=415745 Ack=1 Win=2048 Len=1024"
"2735","116.202395","192.168.0.214","192.168.0.200","TCP","1078","5001  >  50264 [PSH, ACK] Seq=416769 Ack=1 Win=2048 Len=1024"
"2737","116.207596","192.168.0.214","192.168.0.200","TCP","1078","5001  >  50264 [PSH, ACK] Seq=417793 Ack=1 Win=2048 Len=1024"
"2738","116.211801","192.168.0.214","192.168.0.200","TCP","1078","5001  >  50264 [PSH, ACK] Seq=418817 Ack=1 Win=2048 Len=1024"
"2740","116.215962","192.168.0.214","192.168.0.200","TCP","1078","5001  >  50264 [PSH, ACK] Seq=419841 Ack=1 Win=2048 Len=1024"
"2741","116.220224","192.168.0.214","192.168.0.200","TCP","1078","5001  >  50264 [PSH, ACK] Seq=420865 Ack=1 Win=2048 Len=1024"
"2743","116.224430","192.168.0.214","192.168.0.200","TCP","1078","5001  >  50264 [PSH, ACK] Seq=421889 Ack=1 Win=2048 Len=1024"
"2744","116.229604","192.168.0.214","192.168.0.200","TCP","1078","5001  >  50264 [PSH, ACK] Seq=422913 Ack=1 Win=2048 Len=1024"
"2746","116.233835","192.168.0.214","192.168.0.200","TCP","1078","5001  >  50264 [PSH, ACK] Seq=423937 Ack=1 Win=2048 Len=1024"
"2747","116.238029","192.168.0.214","192.168.0.200","TCP","1078","5001  >  50264 [PSH, ACK] Seq=424961 Ack=1 Win=2048 Len=1024"
"2749","116.242235","192.168.0.214","192.168.0.200","TCP","1078","5001  >  50264 [PSH, ACK] Seq=425985 Ack=1 Win=2048 Len=1024"
"2750","116.246442","192.168.0.214","192.168.0.200","TCP","1078","5001  >  50264 [PSH, ACK] Seq=427009 Ack=1 Win=2048 Len=1024"
"2752","116.251653","192.168.0.214","192.168.0.200","TCP","1078","5001  >  50264 [PSH, ACK] Seq=428033 Ack=1 Win=2048 Len=1024"
"2753","116.255850","192.168.0.214","192.168.0.200","TCP","1078","5001  >  50264 [PSH, ACK] Seq=429057 Ack=1 Win=2048 Len=1024"
"2755","116.258365","192.168.0.214","192.168.0.200","TCP","1078","5001  >  50264 [PSH, ACK] Seq=430081 Ack=1 Win=2048 Len=1024"
"2756","116.260590","192.168.0.214","192.168.0.200","TCP","1078","5001  >  50264 [PSH, ACK] Seq=431105 Ack=1 Win=2048 Len=1024"
"2758","116.262760","192.168.0.214","192.168.0.200","TCP","1078","5001  >  50264 [PSH, ACK] Seq=432129 Ack=1 Win=2048 Len=1024"
"2759","116.264973","192.168.0.214","192.168.0.200","TCP","1078","5001  >  50264 [PSH, ACK] Seq=433153 Ack=1 Win=2048 Len=1024"
"2761","116.268166","192.168.0.214","192.168.0.200","TCP","1078","5001  >  50264 [PSH, ACK] Seq=434177 Ack=1 Win=2048 Len=1024"
"2762","116.272377","192.168.0.214","192.168.0.200","TCP","1078","5001  >  50264 [PSH, ACK] Seq=435201 Ack=1 Win=2048 Len=1024"
"2765","116.277586","192.168.0.214","192.168.0.200","TCP","1078","5001  >  50264 [PSH, ACK] Seq=436225 Ack=1 Win=2048 Len=1024"
"2766","116.281787","192.168.0.214","192.168.0.200","TCP","1078","5001  >  50264 [PSH, ACK] Seq=437249 Ack=1 Win=2048 Len=1024"
"2768","116.285984","192.168.0.214","192.168.0.200","TCP","1078","5001  >  50264 [PSH, ACK] Seq=438273 Ack=1 Win=2048 Len=1024"
"2769","116.290207","192.168.0.214","192.168.0.200","TCP","1078","5001  >  50264 [PSH, ACK] Seq=439297 Ack=1 Win=2048 Len=1024"
"2771","116.294397","192.168.0.214","192.168.0.200","TCP","1078","5001  >  50264 [PSH, ACK] Seq=440321 Ack=1 Win=2048 Len=1024"
"2772","116.299604","192.168.0.214","192.168.0.200","TCP","1078","5001  >  50264 [PSH, ACK] Seq=441345 Ack=1 Win=2048 Len=1024"
"2774","116.303809","192.168.0.214","192.168.0.200","TCP","1078","5001  >  50264 [PSH, ACK] Seq=442369 Ack=1 Win=2048 Len=1024"
"2775","116.308009","192.168.0.214","192.168.0.200","TCP","1078","5001  >  50264 [PSH, ACK] Seq=443393 Ack=1 Win=2048 Len=1024"
"2777","116.312246","192.168.0.214","192.168.0.200","TCP","1078","5001  >  50264 [PSH, ACK] Seq=444417 Ack=1 Win=2048 Len=1024"
"2778","116.316428","192.168.0.214","192.168.0.200","TCP","1078","5001  >  50264 [PSH, ACK] Seq=445441 Ack=1 Win=2048 Len=1024"
"2780","116.321631","192.168.0.214","192.168.0.200","TCP","1078","5001  >  50264 [PSH, ACK] Seq=446465 Ack=1 Win=2048 Len=1024"
"2781","116.325772","192.168.0.214","192.168.0.200","TCP","1078","5001  >  50264 [PSH, ACK] Seq=447489 Ack=1 Win=2048 Len=1024"
"2783","116.330035","192.168.0.214","192.168.0.200","TCP","1078","5001  >  50264 [PSH, ACK] Seq=448513 Ack=1 Win=2048 Len=1024"
"2784","116.334246","192.168.0.214","192.168.0.200","TCP","1078","5001  >  50264 [PSH, ACK] Seq=449537 Ack=1 Win=2048 Len=1024"
"2786","116.338454","192.168.0.214","192.168.0.200","TCP","1078","5001  >  50264 [PSH, ACK] Seq=450561 Ack=1 Win=2048 Len=1024"
"2787","116.343659","192.168.0.214","192.168.0.200","TCP","1078","5001  >  50264 [PSH, ACK] Seq=451585 Ack=1 Win=2048 Len=1024"
"2789","116.347819","192.168.0.214","192.168.0.200","TCP","1078","5001  >  50264 [PSH, ACK] Seq=452609 Ack=1 Win=2048 Len=1024"
"2790","116.352063","192.168.0.214","192.168.0.200","TCP","1078","5001  >  50264 [PSH, ACK] Seq=453633 Ack=1 Win=2048 Len=1024"
"2792","116.356265","192.168.0.214","192.168.0.200","TCP","1078","5001  >  50264 [PSH, ACK] Seq=454657 Ack=1 Win=2048 Len=1024"
"2793","116.360541","192.168.0.214","192.168.0.200","TCP","1078","5001  >  50264 [PSH, ACK] Seq=455681 Ack=1 Win=2048 Len=1024"
"2795","116.365686","192.168.0.214","192.168.0.200","TCP","1078","5001  >  50264 [PSH, ACK] Seq=456705 Ack=1 Win=2048 Len=1024"
"3467","148.630034","192.168.0.214","192.168.0.200","TCP","1078","5001  >  50264 [PSH, ACK] Seq=459777 Ack=1 Win=2048 Len=1024"
"3469","148.634231","192.168.0.214","192.168.0.200","TCP","1078","5001  >  50264 [PSH, ACK] Seq=460801 Ack=1 Win=2048 Len=1024"
"3470","148.639448","192.168.0.214","192.168.0.200","TCP","1078","5001  >  50264 [PSH, ACK] Seq=461825 Ack=1 Win=2048 Len=1024"
"3472","148.643640","192.168.0.214","192.168.0.200","TCP","1078","5001  >  50264 [PSH, ACK] Seq=462849 Ack=1 Win=2048 Len=1024"
"3473","148.647840","192.168.0.214","192.168.0.200","TCP","1078","5001  >  50264 [PSH, ACK] Seq=463873 Ack=1 Win=2048 Len=1024"
"3475","148.652048","192.168.0.214","192.168.0.200","TCP","1078","5001  >  50264 [PSH, ACK] Seq=464897 Ack=1 Win=2048 Len=1024"
"3476","148.656252","192.168.0.214","192.168.0.200","TCP","1078","5001  >  50264 [PSH, ACK] Seq=465921 Ack=1 Win=2048 Len=1024"
"3478","148.661400","192.168.0.214","192.168.0.200","TCP","1078","5001  >  50264 [PSH, ACK] Seq=466945 Ack=1 Win=2048 Len=1024"
"3479","148.665587","192.168.0.214","192.168.0.200","TCP","1078","5001  >  50264 [PSH, ACK] Seq=467969 Ack=1 Win=2048 Len=1024"
"3481","148.669792","192.168.0.214","192.168.0.200","TCP","1078","5001  >  50264 [PSH, ACK] Seq=468993 Ack=1 Win=2048 Len=1024"
"3482","148.674014","192.168.0.214","192.168.0.200","TCP","1078","5001  >  50264 [PSH, ACK] Seq=470017 Ack=1 Win=2048 Len=1024"
"3484","148.678206","192.168.0.214","192.168.0.200","TCP","1078","5001  >  50264 [PSH, ACK] Seq=471041 Ack=1 Win=2048 Len=1024"
"3485","148.682682","192.168.0.214","192.168.0.200","TCP","1078","5001  >  50264 [PSH, ACK] Seq=472065 Ack=1 Win=2048 Len=1024"
"3487","148.684886","192.168.0.214","192.168.0.200","TCP","1078","5001  >  50264 [PSH, ACK] Seq=473089 Ack=1 Win=2048 Len=1024"
"3488","148.687086","192.168.0.214","192.168.0.200","TCP","1078","5001  >  50264 [PSH, ACK] Seq=474113 Ack=1 Win=2048 Len=1024"
"3490","148.689293","192.168.0.214","192.168.0.200","TCP","1078","5001  >  50264 [PSH, ACK] Seq=475137 Ack=1 Win=2048 Len=1024"
"3491","148.691498","192.168.0.214","192.168.0.200","TCP","1078","5001  >  50264 [PSH, ACK] Seq=476161 Ack=1 Win=2048 Len=1024"
"3493","148.695698","192.168.0.214","192.168.0.200","TCP","1078","5001  >  50264 [PSH, ACK] Seq=477185 Ack=1 Win=2048 Len=1024"
"3494","148.699900","192.168.0.214","192.168.0.200","TCP","1078","5001  >  50264 [PSH, ACK] Seq=478209 Ack=1 Win=2048 Len=1024"
"3496","148.704116","192.168.0.214","192.168.0.200","TCP","1078","5001  >  50264 [PSH, ACK] Seq=479233 Ack=1 Win=2048 Len=1024"
"3497","148.709320","192.168.0.214","192.168.0.200","TCP","1078","5001  >  50264 [PSH, ACK] Seq=480257 Ack=1 Win=2048 Len=1024"
"3499","148.713522","192.168.0.214","192.168.0.200","TCP","1078","5001  >  50264 [PSH, ACK] Seq=481281 Ack=1 Win=2048 Len=1024"
"3500","148.717723","192.168.0.214","192.168.0.200","TCP","1078","5001  >  50264 [PSH, ACK] Seq=482305 Ack=1 Win=2048 Len=1024"
"3502","148.721930","192.168.0.214","192.168.0.200","TCP","1078","5001  >  50264 [PSH, ACK] Seq=483329 Ack=1 Win=2048 Len=1024"
"3503","148.726141","192.168.0.214","192.168.0.200","TCP","1078","5001  >  50264 [PSH, ACK] Seq=484353 Ack=1 Win=2048 Len=1024"
"3505","148.731348","192.168.0.214","192.168.0.200","TCP","1078","5001  >  50264 [PSH, ACK] Seq=485377 Ack=1 Win=2048 Len=1024"
"3506","148.735544","192.168.0.214","192.168.0.200","TCP","1078","5001  >  50264 [PSH, ACK] Seq=486401 Ack=1 Win=2048 Len=1024"
"3508","148.739750","192.168.0.214","192.168.0.200","TCP","1078","5001  >  50264 [PSH, ACK] Seq=487425 Ack=1 Win=2048 Len=1024"
"3509","148.743960","192.168.0.214","192.168.0.200","TCP","1078","5001  >  50264 [PSH, ACK] Seq=488449 Ack=1 Win=2048 Len=1024"
"3511","148.748160","192.168.0.214","192.168.0.200","TCP","1078","5001  >  50264 [PSH, ACK] Seq=489473 Ack=1 Win=2048 Len=1024"
"3512","148.753366","192.168.0.214","192.168.0.200","TCP","1078","5001  >  50264 [PSH, ACK] Seq=490497 Ack=1 Win=2048 Len=1024"
"3514","148.757609","192.168.0.214","192.168.0.200","TCP","1078","5001  >  50264 [PSH, ACK] Seq=491521 Ack=1 Win=2048 Len=1024"
"3515","148.761780","192.168.0.214","192.168.0.200","TCP","1078","5001  >  50264 [PSH, ACK] Seq=492545 Ack=1 Win=2048 Len=1024"
"3517","148.765980","192.168.0.214","192.168.0.200","TCP","1078","5001  >  50264 [PSH, ACK] Seq=493569 Ack=1 Win=2048 Len=1024"
"3518","148.770187","192.168.0.214","192.168.0.200","TCP","1078","5001  >  50264 [PSH, ACK] Seq=494593 Ack=1 Win=2048 Len=1024"
"3520","148.775398","192.168.0.214","192.168.0.200","TCP","1078","5001  >  50264 [PSH, ACK] Seq=495617 Ack=1 Win=2048 Len=1024"
"3521","148.779594","192.168.0.214","192.168.0.200","TCP","1078","5001  >  50264 [PSH, ACK] Seq=496641 Ack=1 Win=2048 Len=1024"
"3523","148.783796","192.168.0.214","192.168.0.200","TCP","1078","5001  >  50264 [PSH, ACK] Seq=497665 Ack=1 Win=2048 Len=1024"
"3524","148.788011","192.168.0.214","192.168.0.200","TCP","1078","5001  >  50264 [PSH, ACK] Seq=498689 Ack=1 Win=2048 Len=1024"
"3526","148.792215","192.168.0.214","192.168.0.200","TCP","1078","5001  >  50264 [PSH, ACK] Seq=499713 Ack=1 Win=2048 Len=1024"
"3527","148.797419","192.168.0.214","192.168.0.200","TCP","1078","5001  >  50264 [PSH, ACK] Seq=500737 Ack=1 Win=2048 Len=1024"
"3529","148.801633","192.168.0.214","192.168.0.200","TCP","1078","5001  >  50264 [PSH, ACK] Seq=501761 Ack=1 Win=2048 Len=1024"
"3530","148.805846","192.168.0.214","192.168.0.200","TCP","1078","5001  >  50264 [PSH, ACK] Seq=502785 Ack=1 Win=2048 Len=1024"
"3532","148.810047","192.168.0.214","192.168.0.200","TCP","1078","5001  >  50264 [PSH, ACK] Seq=503809 Ack=1 Win=2048 Len=1024"
"3533","148.814249","192.168.0.214","192.168.0.200","TCP","1078","5001  >  50264 [PSH, ACK] Seq=504833 Ack=1 Win=2048 Len=1024"
"3535","148.819460","192.168.0.214","192.168.0.200","TCP","1078","5001  >  50264 [PSH, ACK] Seq=505857 Ack=1 Win=2048 Len=1024"
"3536","148.823660","192.168.0.214","192.168.0.200","TCP","1078","5001  >  50264 [PSH, ACK] Seq=506881 Ack=1 Win=2048 Len=1024"
"3538","148.827862","192.168.0.214","192.168.0.200","TCP","1078","5001  >  50264 [PSH, ACK] Seq=507905 Ack=1 Win=2048 Len=1024"
"3539","148.832050","192.168.0.214","192.168.0.200","TCP","1078","5001  >  50264 [PSH, ACK] Seq=508929 Ack=1 Win=2048 Len=1024"
"3541","148.837280","192.168.0.214","192.168.0.200","TCP","1078","5001  >  50264 [PSH, ACK] Seq=509953 Ack=1 Win=2048 Len=1024"
"3542","148.841476","192.168.0.214","192.168.0.200","TCP","1078","5001  >  50264 [PSH, ACK] Seq=510977 Ack=1 Win=2048 Len=1024"
"3544","148.845655","192.168.0.214","192.168.0.200","TCP","1078","5001  >  50264 [PSH, ACK] Seq=512001 Ack=1 Win=2048 Len=1024"
"3545","148.849892","192.168.0.214","192.168.0.200","TCP","1078","5001  >  50264 [PSH, ACK] Seq=513025 Ack=1 Win=2048 Len=1024"
"3547","148.852396","192.168.0.214","192.168.0.200","TCP","1078","5001  >  50264 [PSH, ACK] Seq=514049 Ack=1 Win=2048 Len=1024"
"3548","148.854589","192.168.0.214","192.168.0.200","TCP","1078","5001  >  50264 [PSH, ACK] Seq=515073 Ack=1 Win=2048 Len=1024"
"3550","148.856795","192.168.0.214","192.168.0.200","TCP","1078","5001  >  50264 [PSH, ACK] Seq=516097 Ack=1 Win=2048 Len=1024"
"3551","148.858996","192.168.0.214","192.168.0.200","TCP","1078","5001  >  50264 [PSH, ACK] Seq=517121 Ack=1 Win=2048 Len=1024"
"3553","148.862204","192.168.0.214","192.168.0.200","TCP","1078","5001  >  50264 [PSH, ACK] Seq=518145 Ack=1 Win=2048 Len=1024"
"3554","148.867426","192.168.0.214","192.168.0.200","TCP","1078","5001  >  50264 [PSH, ACK] Seq=519169 Ack=1 Win=2048 Len=1024"
"3556","148.871615","192.168.0.214","192.168.0.200","TCP","1078","5001  >  50264 [PSH, ACK] Seq=520193 Ack=1 Win=2048 Len=1024"
"3557","148.875793","192.168.0.214","192.168.0.200","TCP","1078","5001  >  50264 [PSH, ACK] Seq=521217 Ack=1 Win=2048 Len=1024"
"3559","148.880027","192.168.0.214","192.168.0.200","TCP","1078","5001  >  50264 [PSH, ACK] Seq=522241 Ack=1 Win=2048 Len=1024"
